item_id,item_idx,depth,reward,rounds,n_errors,dominant_error,first_failure_round,max_stagnation,action_diversity,total_tokens,avg_tokens_per_turn,exceeded_context,log_path
textcraft_0,0,1,1.0,3,0,,,1,1.0,,,,runs/exp_gemini_gemini_3_5_flash/eval_logs/textcraft_0.json
textcraft_1,1,1,1.0,3,0,,,1,1.0,,,,runs/exp_gemini_gemini_3_5_flash/eval_logs/textcraft_1.json
textcraft_10,10,1,1.0,6,3,format_error,2,1,1.0,,,,runs/exp_gemini_gemini_3_5_flash/eval_logs/textcraft_10.json
textcraft_11,11,1,1.0,14,10,format_error,2,1,0.75,,,,runs/exp_gemini_gemini_3_5_flash/eval_logs/textcraft_11.json
textcraft_12,12,1,1.0,15,11,format_error,1,1,0.75,,,,runs/exp_gemini_gemini_3_5_flash/eval_logs/textcraft_12.json
textcraft_13,13,1,1.0,3,0,,,1,1.0,,,,runs/exp_gemini_gemini_3_5_flash/eval_logs/textcraft_13.json
textcraft_14,14,1,1.0,3,0,,,1,1.0,,,,runs/exp_gemini_gemini_3_5_flash/eval_logs/textcraft_14.json
textcraft_140,140,2,1.0,14,5,format_error,1,5,0.55,,,,runs/exp_gemini_gemini_3_5_flash/eval_logs/textcraft_140.json
textcraft_141,141,2,1.0,9,2,format_error,2,3,0.75,,,,runs/exp_gemini_gemini_3_5_flash/eval_logs/textcraft_141.json
textcraft_142,142,2,1.0,7,1,format_error,5,2,0.67,,,,runs/exp_gemini_gemini_3_5_flash/eval_logs/textcraft_142.json
textcraft_143,143,2,1.0,4,0,,,1,1.0,,,,runs/exp_gemini_gemini_3_5_flash/eval_logs/textcraft_143.json
textcraft_144,144,2,1.0,8,1,recipe_wrong,3,1,0.75,,,,runs/exp_gemini_gemini_3_5_flash/eval_logs/textcraft_144.json
textcraft_145,145,2,1.0,5,0,,,1,1.0,,,,runs/exp_gemini_gemini_3_5_flash/eval_logs/textcraft_145.json
textcraft_146,146,2,1.0,22,11,format_error,2,6,0.46,,,,runs/exp_gemini_gemini_3_5_flash/eval_logs/textcraft_146.json
textcraft_147,147,2,1.0,9,2,format_error,3,2,0.75,,,,runs/exp_gemini_gemini_3_5_flash/eval_logs/textcraft_147.json
textcraft_148,148,2,1.0,10,5,format_error,1,2,0.86,,,,runs/exp_gemini_gemini_3_5_flash/eval_logs/textcraft_148.json
textcraft_149,149,2,1.0,6,1,recipe_wrong,3,2,0.83,,,,runs/exp_gemini_gemini_3_5_flash/eval_logs/textcraft_149.json
textcraft_15,15,1,1.0,4,1,format_error,2,1,1.0,,,,runs/exp_gemini_gemini_3_5_flash/eval_logs/textcraft_15.json
textcraft_150,150,2,1.0,6,0,,,1,1.0,,,,runs/exp_gemini_gemini_3_5_flash/eval_logs/textcraft_150.json
textcraft_151,151,2,1.0,16,4,format_error,3,8,0.5,,,,runs/exp_gemini_gemini_3_5_flash/eval_logs/textcraft_151.json
textcraft_152,152,2,1.0,6,1,format_error,3,1,1.0,,,,runs/exp_gemini_gemini_3_5_flash/eval_logs/textcraft_152.json
textcraft_153,153,2,1.0,7,1,format_error,2,1,1.0,,,,runs/exp_gemini_gemini_3_5_flash/eval_logs/textcraft_153.json
textcraft_154,154,2,1.0,8,2,format_error,3,1,0.83,,,,runs/exp_gemini_gemini_3_5_flash/eval_logs/textcraft_154.json
textcraft_155,155,2,1.0,5,0,,,1,1.0,,,,runs/exp_gemini_gemini_3_5_flash/eval_logs/textcraft_155.json
textcraft_156,156,2,1.0,6,2,format_error,2,1,1.0,,,,runs/exp_gemini_gemini_3_5_flash/eval_logs/textcraft_156.json
textcraft_157,157,2,1.0,8,1,format_error,3,1,0.71,,,,runs/exp_gemini_gemini_3_5_flash/eval_logs/textcraft_157.json
textcraft_158,158,2,1.0,4,0,,,1,1.0,,,,runs/exp_gemini_gemini_3_5_flash/eval_logs/textcraft_158.json
textcraft_159,159,2,1.0,7,1,recipe_wrong,3,2,0.71,,,,runs/exp_gemini_gemini_3_5_flash/eval_logs/textcraft_159.json
textcraft_16,16,1,1.0,5,1,format_error,3,1,0.75,,,,runs/exp_gemini_gemini_3_5_flash/eval_logs/textcraft_16.json
textcraft_160,160,2,1.0,7,1,item_not_found,3,1,1.0,,,,runs/exp_gemini_gemini_3_5_flash/eval_logs/textcraft_160.json
textcraft_161,161,2,1.0,6,0,,,1,1.0,,,,runs/exp_gemini_gemini_3_5_flash/eval_logs/textcraft_161.json
textcraft_162,162,2,1.0,8,2,format_error,2,2,0.86,,,,runs/exp_gemini_gemini_3_5_flash/eval_logs/textcraft_162.json
textcraft_163,163,2,1.0,11,2,item_not_found,2,3,0.73,,,,runs/exp_gemini_gemini_3_5_flash/eval_logs/textcraft_163.json
textcraft_164,164,2,1.0,6,0,,,1,1.0,,,,runs/exp_gemini_gemini_3_5_flash/eval_logs/textcraft_164.json
textcraft_165,165,2,1.0,7,1,recipe_wrong,3,2,0.86,,,,runs/exp_gemini_gemini_3_5_flash/eval_logs/textcraft_165.json
textcraft_166,166,2,1.0,8,3,format_error,1,1,1.0,,,,runs/exp_gemini_gemini_3_5_flash/eval_logs/textcraft_166.json
textcraft_167,167,2,1.0,8,1,item_not_found,4,2,0.88,,,,runs/exp_gemini_gemini_3_5_flash/eval_logs/textcraft_167.json
textcraft_168,168,2,1.0,9,1,item_not_found,6,1,1.0,,,,runs/exp_gemini_gemini_3_5_flash/eval_logs/textcraft_168.json
textcraft_169,169,2,1.0,6,0,,,2,0.83,,,,runs/exp_gemini_gemini_3_5_flash/eval_logs/textcraft_169.json
textcraft_17,17,1,1.0,8,4,format_error,2,1,0.75,,,,runs/exp_gemini_gemini_3_5_flash/eval_logs/textcraft_17.json
textcraft_170,170,2,1.0,7,1,recipe_wrong,3,2,0.86,,,,runs/exp_gemini_gemini_3_5_flash/eval_logs/textcraft_170.json
textcraft_171,171,2,1.0,11,5,format_error,1,1,1.0,,,,runs/exp_gemini_gemini_3_5_flash/eval_logs/textcraft_171.json
textcraft_172,172,2,1.0,13,3,format_error,1,6,0.5,,,,runs/exp_gemini_gemini_3_5_flash/eval_logs/textcraft_172.json
textcraft_173,173,2,1.0,5,0,,,1,1.0,,,,runs/exp_gemini_gemini_3_5_flash/eval_logs/textcraft_173.json
textcraft_174,174,2,1.0,8,1,recipe_wrong,3,1,0.62,,,,runs/exp_gemini_gemini_3_5_flash/eval_logs/textcraft_174.json
textcraft_175,175,2,1.0,7,1,recipe_wrong,3,2,0.86,,,,runs/exp_gemini_gemini_3_5_flash/eval_logs/textcraft_175.json
textcraft_176,176,2,1.0,12,6,format_error,2,1,1.0,,,,runs/exp_gemini_gemini_3_5_flash/eval_logs/textcraft_176.json
textcraft_177,177,2,1.0,8,1,item_not_found,2,1,1.0,,,,runs/exp_gemini_gemini_3_5_flash/eval_logs/textcraft_177.json
textcraft_178,178,2,1.0,4,0,,,1,1.0,,,,runs/exp_gemini_gemini_3_5_flash/eval_logs/textcraft_178.json
textcraft_179,179,2,1.0,12,3,format_error,3,3,0.5,,,,runs/exp_gemini_gemini_3_5_flash/eval_logs/textcraft_179.json
textcraft_18,18,1,1.0,9,6,format_error,2,1,1.0,,,,runs/exp_gemini_gemini_3_5_flash/eval_logs/textcraft_18.json
textcraft_180,180,2,1.0,9,3,format_error,3,1,0.83,,,,runs/exp_gemini_gemini_3_5_flash/eval_logs/textcraft_180.json
textcraft_19,19,1,1.0,3,0,,,1,1.0,,,,runs/exp_gemini_gemini_3_5_flash/eval_logs/textcraft_19.json
textcraft_2,2,1,1.0,4,1,format_error,2,1,1.0,,,,runs/exp_gemini_gemini_3_5_flash/eval_logs/textcraft_2.json
textcraft_20,20,1,1.0,4,1,format_error,3,1,1.0,,,,runs/exp_gemini_gemini_3_5_flash/eval_logs/textcraft_20.json
textcraft_21,21,1,1.0,14,11,format_error,1,1,1.0,,,,runs/exp_gemini_gemini_3_5_flash/eval_logs/textcraft_21.json
textcraft_22,22,1,1.0,5,0,,,1,1.0,,,,runs/exp_gemini_gemini_3_5_flash/eval_logs/textcraft_22.json
textcraft_23,23,1,1.0,4,1,format_error,3,1,1.0,,,,runs/exp_gemini_gemini_3_5_flash/eval_logs/textcraft_23.json
textcraft_24,24,1,1.0,4,1,format_error,1,1,1.0,,,,runs/exp_gemini_gemini_3_5_flash/eval_logs/textcraft_24.json
textcraft_25,25,1,1.0,4,1,format_error,3,1,1.0,,,,runs/exp_gemini_gemini_3_5_flash/eval_logs/textcraft_25.json
textcraft_26,26,1,1.0,3,0,,,1,1.0,,,,runs/exp_gemini_gemini_3_5_flash/eval_logs/textcraft_26.json
textcraft_27,27,1,1.0,3,0,,,1,1.0,,,,runs/exp_gemini_gemini_3_5_flash/eval_logs/textcraft_27.json
textcraft_28,28,1,1.0,7,3,format_error,3,1,0.75,,,,runs/exp_gemini_gemini_3_5_flash/eval_logs/textcraft_28.json
textcraft_29,29,1,1.0,7,4,format_error,2,1,1.0,,,,runs/exp_gemini_gemini_3_5_flash/eval_logs/textcraft_29.json
textcraft_3,3,1,1.0,7,3,format_error,3,1,0.75,,,,runs/exp_gemini_gemini_3_5_flash/eval_logs/textcraft_3.json
textcraft_30,30,1,1.0,5,0,,,1,1.0,,,,runs/exp_gemini_gemini_3_5_flash/eval_logs/textcraft_30.json
textcraft_4,4,1,1.0,3,0,,,1,1.0,,,,runs/exp_gemini_gemini_3_5_flash/eval_logs/textcraft_4.json
textcraft_420,420,3,1.0,15,4,item_not_found,2,3,0.86,,,,runs/exp_gemini_gemini_3_5_flash/eval_logs/textcraft_420.json
textcraft_421,421,3,1.0,21,9,format_error,4,3,0.71,,,,runs/exp_gemini_gemini_3_5_flash/eval_logs/textcraft_421.json
textcraft_422,422,3,0.0,30,6,item_not_found,2,6,0.5,,,,runs/exp_gemini_gemini_3_5_flash/eval_logs/textcraft_422.json
textcraft_423,423,3,1.0,8,0,,,1,1.0,,,,runs/exp_gemini_gemini_3_5_flash/eval_logs/textcraft_423.json
textcraft_424,424,3,1.0,16,5,format_error,4,4,0.62,,,,runs/exp_gemini_gemini_3_5_flash/eval_logs/textcraft_424.json
textcraft_425,425,3,1.0,8,2,format_error,2,1,0.83,,,,runs/exp_gemini_gemini_3_5_flash/eval_logs/textcraft_425.json
textcraft_426,426,3,1.0,29,3,item_not_found,2,6,0.41,,,,runs/exp_gemini_gemini_3_5_flash/eval_logs/textcraft_426.json
textcraft_427,427,3,1.0,22,8,item_not_found,2,6,0.62,,,,runs/exp_gemini_gemini_3_5_flash/eval_logs/textcraft_427.json
textcraft_428,428,3,1.0,16,3,item_not_found,1,2,0.67,,,,runs/exp_gemini_gemini_3_5_flash/eval_logs/textcraft_428.json
textcraft_429,429,3,1.0,12,2,item_not_found,3,3,0.83,,,,runs/exp_gemini_gemini_3_5_flash/eval_logs/textcraft_429.json
textcraft_430,430,3,1.0,20,6,item_not_found,2,3,0.85,,,,runs/exp_gemini_gemini_3_5_flash/eval_logs/textcraft_430.json
textcraft_431,431,3,1.0,14,5,format_error,1,1,1.0,,,,runs/exp_gemini_gemini_3_5_flash/eval_logs/textcraft_431.json
textcraft_432,432,3,1.0,12,4,item_not_found,2,1,1.0,,,,runs/exp_gemini_gemini_3_5_flash/eval_logs/textcraft_432.json
textcraft_433,433,3,1.0,14,3,format_error,2,3,0.85,,,,runs/exp_gemini_gemini_3_5_flash/eval_logs/textcraft_433.json
textcraft_434,434,3,1.0,18,8,format_error,2,2,0.79,,,,runs/exp_gemini_gemini_3_5_flash/eval_logs/textcraft_434.json
textcraft_435,435,3,1.0,5,0,,,1,1.0,,,,runs/exp_gemini_gemini_3_5_flash/eval_logs/textcraft_435.json
textcraft_436,436,3,1.0,7,0,,,1,1.0,,,,runs/exp_gemini_gemini_3_5_flash/eval_logs/textcraft_436.json
textcraft_437,437,3,1.0,13,4,format_error,2,2,0.82,,,,runs/exp_gemini_gemini_3_5_flash/eval_logs/textcraft_437.json
textcraft_438,438,3,1.0,28,7,format_error,2,6,0.5,,,,runs/exp_gemini_gemini_3_5_flash/eval_logs/textcraft_438.json
textcraft_439,439,3,1.0,16,5,format_error,2,3,0.86,,,,runs/exp_gemini_gemini_3_5_flash/eval_logs/textcraft_439.json
textcraft_440,440,3,1.0,17,3,format_error,2,3,0.88,,,,runs/exp_gemini_gemini_3_5_flash/eval_logs/textcraft_440.json
textcraft_441,441,3,1.0,14,2,item_not_found,5,5,0.71,,,,runs/exp_gemini_gemini_3_5_flash/eval_logs/textcraft_441.json
textcraft_442,442,3,1.0,18,6,item_not_found,2,5,0.67,,,,runs/exp_gemini_gemini_3_5_flash/eval_logs/textcraft_442.json
textcraft_443,443,3,1.0,9,0,,,1,1.0,,,,runs/exp_gemini_gemini_3_5_flash/eval_logs/textcraft_443.json
textcraft_444,444,3,1.0,9,0,,,1,1.0,,,,runs/exp_gemini_gemini_3_5_flash/eval_logs/textcraft_444.json
textcraft_5,5,1,1.0,5,2,format_error,2,1,1.0,,,,runs/exp_gemini_gemini_3_5_flash/eval_logs/textcraft_5.json
textcraft_533,533,4,1.0,21,6,format_error,2,4,0.56,,,,runs/exp_gemini_gemini_3_5_flash/eval_logs/textcraft_533.json
textcraft_534,534,4,1.0,29,14,format_error,1,4,0.47,,,,runs/exp_gemini_gemini_3_5_flash/eval_logs/textcraft_534.json
textcraft_535,535,4,1.0,28,4,format_error,3,8,0.46,,,,runs/exp_gemini_gemini_3_5_flash/eval_logs/textcraft_535.json
textcraft_6,6,1,1.0,4,0,,,1,1.0,,,,runs/exp_gemini_gemini_3_5_flash/eval_logs/textcraft_6.json
textcraft_7,7,1,1.0,7,4,format_error,1,1,1.0,,,,runs/exp_gemini_gemini_3_5_flash/eval_logs/textcraft_7.json
textcraft_8,8,1,1.0,3,0,,,1,1.0,,,,runs/exp_gemini_gemini_3_5_flash/eval_logs/textcraft_8.json
textcraft_9,9,1,1.0,5,2,format_error,2,1,1.0,,,,runs/exp_gemini_gemini_3_5_flash/eval_logs/textcraft_9.json
